{
	"location":
	{
		"x": -30,
		"y": 140,
		"z": 90
	},
	"target":
	{
		"x": -30.766044439721629,
		"y": 139.35721238626465,
		"z": 90
	},
	"rotator":
	{
		"x": 0,
		"y": -0,
		"z": -139.99999969717257
	},
	"fov": 90,
	"aspect": 1.7777780294418335
}